"Marca temporal","Si este producto estuviese disponible por un precio que usted considerase apropiado, ¿lo compraría?","En caso de que le regalaran un asistente como este o pudiera obtenerlo de manera gratuita, ¿lo utilizaría? ","¿Por qué no lo utilizaría?","¿Ha utilizado alguna vez un asistente virtual? (Del tipo de Siri, Cortana, etc.)","¿Cuál?","¿Qué tipo de problemas ha encontrado al utilizarlo/s? (Si ha encontrado alguno). Puede seleccionar más de una opción.","¿Hay algo que le gustaría poder hacer con este tipo de asistente y no ha podido hacer? En caso afirmativo, indique qué.","¿Ha utilizado alguna vez un asistente virtual? (Del tipo de Siri, Cortana, etc.)","¿Cuál?","¿Qué tipo de problemas ha encontrado al utilizarlo/s? (Si ha encontrado alguno). Puede seleccionar más de una opción.","¿Hay algo que le gustaría poder hacer con este tipo de asistente y no ha podido hacer? En caso afirmativo, indique qué.","¿Para qué cree que utilizaría el tipo de asistente que sugerimos? (Por ejemplo, podría usarlo para mantener una lista de tareas pendientes, conversar en un rato muerto, para poner música - Spotify, Youtube... -, etc. ¡Recuerde que es como una persona! ¡Sea creativo y extiéndase cuanto desee con sus respuestas!).","Usted se comunicaría con este tipo de asistente mediante su voz. ¿Con que frecuencia cree que hablaría con su asistente para utilizarlo en las siguientes situaciones? [En su casa]","Usted se comunicaría con este tipo de asistente mediante su voz. ¿Con que frecuencia cree que hablaría con su asistente para utilizarlo en las siguientes situaciones? [En su lugar de trabajo/lugar de estudio]","Usted se comunicaría con este tipo de asistente mediante su voz. ¿Con que frecuencia cree que hablaría con su asistente para utilizarlo en las siguientes situaciones? [En público (transporte público, supermercado...)]","¿Cree que podría llegar a establecer alguna relación personal con su asistente?","Comentarios a la pregunta anterior (opcional)","¿Cómo de interesante le parece este tipo de sistema? [Nivel de interés]","¿Qué característica del asistente le parece más atractiva?","¿Por qué? (opcional)","¿Cuál es el mayor inconveniente que encuentra en un asistente de este tipo?","¿Por qué? (opcional)","Observaciones adicionales sobre este tipo de asistente (opcional).","Género","Rango de edad","Nivel educativo","Ocupación","¿Cuál de las siguientes es su situación profesional actual?"
"2019/04/09 8:18:33 p. m. EET","No sé","Sí","","No","","","","","","","","Para ayudarme a solucionar tareas, dudas, escuchar música.
","A menudo","A menudo","A menudo","Tal vez","","Interesante","Que te ayude a solucionar problemas","","Puede crear dependencia","","","Hombre","45 - 55","Bachillerato / Formación Profesional (Grado Medio)","Trabajo a tiempo completo (más de 30 horas a la semana)","Asalariado/a del sector público"
"2019/04/09 8:19:52 p. m. EET","No sé","Sí","","Sí","Siri","Mal funcionamiento del reconocimiento de voz;Las respuestas del asistente no contestan a las preguntas que le formulo","No","","","","","Para recordar cosas y ayudarme a la hora de hacer trabajos, estudios... de una manera mas entretenida","De vez en cuando","Casi nunca","De vez en cuando","Sí","","Interesante","No tener la sensación de hablar con una maquina","","Que se dejarian de utilizar otras fuentes de información ( libros etc) ","","","Mujer","16 - 24","Graduado universitario / Técnico superior","Estudiante",""
"2019/04/09 8:23:00 p. m. EET","No","Sí","","No","","","","","","","","Lista de tareas y de la compra, youtube ","A menudo","Casi nunca","Nunca","Tal vez","","Interesante","Que te ayuda a organizarte la vida","Porque muchas veces se va con prisas y olvidamos ciertas cosas","El software","Por poder dar errores","","Mujer","16 - 24","Bachillerato / Formación Profesional (Grado Medio)","Estudiante",""
"2019/04/09 8:23:03 p. m. EET","Sí","","","Sí","Cortana","Mal funcionamiento del reconocimiento de voz;Las respuestas del asistente no contestan a las preguntas que le formulo","Selección buena de documentos","","","","","Para organizarme ","A menudo","Casi nunca","Nunca","No","","Interesante","La interaccion","","Los fallos antes comentados","","","Hombre","16 - 24","Bachillerato / Formación Profesional (Grado Medio)","Estudiante",""
"2019/04/09 8:26:41 p. m. EET","No","Sí","","Sí","Siri","Mal funcionamiento del reconocimiento de voz;Las respuestas del asistente no contestan a las preguntas que le formulo","No","","","","","Recordar cosas y para hablar sobre distintas cosas tales como la actualidad o temas que más me interesen.","A menudo","De vez en cuando","Casi nunca","No","","Poco","La capacidad de tener personalidad y parecerse a una persona","","Que funcione correctamente","","","Hombre","16 - 24","Graduado universitario / Técnico superior","Estudiante",""
"2019/04/09 8:27:23 p. m. EET","Sí","","","No","","","","","","","","Yo lo utilizaría para conversar , también para que me aconsejará que hacer de comida y que me diera la receta bueno y sobre para las cosas d casa.","A menudo","De vez en cuando","A menudo","No","Yo creo que una relación personal no porque no es alguien que lo tengas físicamente.","Muy interesante","Pues poder conversar cuando uno está solo.","Porque serviría sobre todo para muchas personas que viven solas y están tristes por estar en soledad.Al menos podrían conversar.pues la verdad","Por decir alguno el que no sea una persona fisica.","Porque es una relación más fría que   si fuese con una persona .","","Mujer","45 - 55","Bachillerato / Formación Profesional (Grado Medio)","Otra situación",""
"2019/04/09 8:27:57 p. m. EET","No sé","No sé","No le encuentro utilidad real en mi día a dia","","","","","Sí","Siri","Las respuestas no contestan a las preguntas formuladas","Búsqueda del contenido en mi móvil que yo solicitaba","","","","","","","Poco","La agilidad que proporciona con algunas utilidades","Porque reduce el tiempo de ciertas tareas","La mala realización de las tareas solicitadas","Porque pocas veces es capaz de realizar correctamente la tarea que le solicitas","Ninguna","Hombre","16 - 24","Bachillerato / Formación Profesional (Grado Medio)","Estudiante",""
"2019/04/09 8:32:50 p. m. EET","No sé","No","Prefiero tener cerca personas, hablar con personas, no máquinas","","","","","Sí","Siri","Mal funcionamiento del reconocimiento de voz","Prefiero buscarlo directamente en internet","","","","","","","Normal","Su utilidad","","Sigue siendo un dispositivo, que al igual que con los móviles, cada vez nos aleja más de las personas físicas","","","Mujer","16 - 24","Graduado universitario / Técnico superior","Estudiante",""
"2019/04/09 8:36:27 p. m. EET","Sí","","","No","","","","","","","","Para mandar cosas que necesite en el momento que yo no pueda","A menudo","Casi nunca","Casi nunca","No","","Interesante","La de ayudarme en cosas inmediatas","Por darte libertad de tiempo ","No lo sé","Por que no lo he utilizado","","Mujer","45 - 55","Bachillerato / Formación Profesional (Grado Medio)","Trabajo a tiempo completo (más de 30 horas a la semana)","Empresario/a con asalariados"
"2019/04/09 8:37:18 p. m. EET","Sí","","","No","","","","","","","","Para trabajar","Nunca","A menudo","Nunca","No","","Interesante","La ayuda","Para mejorar mí trabajo","Las respuestas","Por si no lo entiendo","","Hombre","45 - 55","Educación secundaria","Trabajo a tiempo completo (más de 30 horas a la semana)","Empresario/a con asalariados"
"2019/04/09 8:38:33 p. m. EET","Sí","","","Sí","Siri ","Mal funcionamiento del reconocimiento de voz","No
","","","","","Conectar el asistente con los diferentes dispositivos de mi casa, ordenador, televisión, equipo de música
Como agenda para recordar las cosas que hacer a lo largo del día ","Muy a menudo","De vez en cuando","Casi nunca","No","","Interesante","Que sea como un humano","","Puede generar delendencia","","","Hombre","16 - 24","Graduado universitario / Técnico superior","Estudiante",""
"2019/04/09 8:41:12 p. m. EET","No sé","Sí","","No","","","","","","","","Agenda, tareas pendientes, música, organización ","Muy a menudo","A menudo","Casi nunca","No","","Normal","Personalización ","","NS/NC","","","Mujer","25 - 35","Máster","Otra situación",""
"2019/04/09 8:42:06 p. m. EET","Sí","","","Sí","Siri","Mal funcionamiento del reconocimiento de voz;Las respuestas del asistente no contestan a las preguntas que le formulo","Reconocer y ejecutar aplicaciones externas sl sistema operativo","","","","","Si llega a ser como una persona imagino que incluso mantener una conversación sobre algún tema específico. Buscar información sobre algún proyecto o ejercicio en el que este trabajando y que el me lo pueda explicar, como si de un ""profesor"" se tratase. Y por que no lo más básico:  poner música,  dictar mensajes y que escriba o preguntarle sobre el tome y ese tipo de preocupaciones más personales ","A menudo","De vez en cuando","De vez en cuando","Tal vez","Si consigue almacenamiento recuerdos y charlas pasadas si podría llegar a aparecer una relación de amistad. ","Muy interesante","Que pueda alacena charlas pasadas ","","Quizás pueda llegar a ser más personale de lo que debería y conocer demasiada información si no se utiliza con cuidado ","","","Hombre","16 - 24","Graduado universitario / Técnico superior","Estudiante",""
"2019/04/09 8:49:35 p. m. EET","Sí","","","Sí","Siri, google ","Las respuestas del asistente no contestan a las preguntas que le formulo;Tienen poca funcionalidad, ofrecen solo cosas muy básicas","Decirle que mande WhatsApps y que integre todos los dispositivos a pesar de ser de distinta palataforma","","","","","Para que mande correos dictados , me lea documentos, me recomiende cuando descansar ","A menudo","A menudo","Casi nunca","No","","Interesante","El que haga cosas por mi y me ahorre pequeños esfuerzos diarios ","","Tienen poca funcionalidad","","","Hombre","16 - 24","Graduado universitario / Técnico superior","Estudiante",""
"2019/04/09 8:53:25 p. m. EET","No","Sí","","Sí","Siri","Las respuestas del asistente no contestan a las preguntas que le formulo","No","","","","","Para recordatorios ","De vez en cuando","De vez en cuando","Nunca","No","","Normal","Tiene una voz más natural y no tan robótica ","","A veces interpreta mal mis preguntas ","","","Mujer","16 - 24","Bachillerato / Formación Profesional (Grado Medio)","Estudiante",""
"2019/04/09 8:55:57 p. m. EET","Sí","","","No","","","","","","","","Para tener un recordatorio de las tareas diarias , para ver una pelicula y comentarla, escuchar musica","De vez en cuando","Casi nunca","De vez en cuando","Tal vez","Me serviría de compañía ","Interesante","La capacidad de comunicacion","Porque se puede hablar con él","Quizá el precio en un momento dado","","","Mujer","45 - 55","Graduado universitario / Técnico superior","Trabajo a tiempo completo (más de 30 horas a la semana)","Asalariado/a del sector público"
"2019/04/09 8:56:17 p. m. EET","Sí","","","Sí","Siri y Google Asistant ","Las respuestas del asistente no contestan a las preguntas que le formulo","Respuestas concretas a mis preguntas","","","","","Conversaciones largas en momentos aburridos, dificiles. Busqueda avanzada de datos e informacion. Organizador de tareas programadas y lista de cosas pendientes","A menudo","De vez en cuando","Muy a menudo","Tal vez","De amistad, asistente","Muy interesante","Poder razonar por si solo y recordar","Por que puedes mantener una conversacion coloquial","La programacion del asistente","Por que es algo que todavia no se ha conseguido en inteligencia artificial","","Hombre","16 - 24","Graduado universitario / Técnico superior","Estudiante",""
"2019/04/09 8:56:23 p. m. EET","No","Sí","","No","","","","","","","","Suponiendo que el 'dispositivo' esté disponible en múltiples idiomas, lo utilizaría para practicar, por ejemplo, el ruso. ","De vez en cuando","Nunca","De vez en cuando","No","","Poco","Poder hablar idiomas. ","","No le veo ninguna practicidad ","Personalmente, me sería más fácil entrar en whatsapp yo mismo que hablarle al pinganillo ","","Hombre","16 - 24","Bachillerato / Formación Profesional (Grado Medio)","Estudiante",""
"2019/04/09 8:56:32 p. m. EET","No","Sí","","No","","","","","","","","Suponiendo que el 'dispositivo' esté disponible en múltiples idiomas, lo utilizaría para practicar, por ejemplo, el ruso. ","De vez en cuando","Nunca","De vez en cuando","No","","Poco","Poder hablar idiomas. ","","No le veo ninguna practicidad ","Personalmente, me sería más fácil entrar en whatsapp yo mismo que hablarle al pinganillo ","","Hombre","16 - 24","Bachillerato / Formación Profesional (Grado Medio)","Estudiante",""
"2019/04/09 8:56:52 p. m. EET","No sé","Sí","","Sí","Cortana","Mal funcionamiento del reconocimiento de voz","Recordarme lo que tengo que hacer y organizarme los horarios de forma más eficiente ","","","","","Organizarme el día y que me recomiende cómo de forma que sea más eficiente y pueda tener más tiempo libre, que me diga las noticias de los temas que me interesan ","A menudo","Nunca","Nunca","No","Me daría bastante miedo ","Interesante","Que te pueda recomendar cosas ","","Que no sea 100%funcional o que tenga errores y problemas ","","","Mujer","16 - 24","Bachillerato / Formación Profesional (Grado Medio)","Estudiante",""
"2019/04/09 9:02:35 p. m. EET","Sí","","","No","","","","","","","","Dependiendo, de lo que supiera, para sacarle provecho, a todas sus cualidades. ","A menudo","A menudo","De vez en cuando","Tal vez","Seguramente, si es eficaz, con el tiempo Le cogería cariño","Muy interesante","Que fuera como una persona","Pues con el tiempo sería un gran amigo","Que se haga imprescindible","Puede ser algo muy bueno","Quiero uno","Hombre","45 - 55","Educación primaria","Trabajo a tiempo completo (más de 30 horas a la semana)","Asalariado/a del sector privado"
"2019/04/09 9:03:10 p. m. EET","No sé","Sí","","Sí","Siri","Mal funcionamiento del reconocimiento de voz","No utilizar las manos ni la pantalla en ningún caso","","","","","Agenda, búsquedas online, lecturas ","A menudo","Muy a menudo","De vez en cuando","No","Una máquina no está viva","Muy interesante","No tener necesidad de utilizar manualmente ningún dispositivo","","Que las personas cercanas accedan a tu informacion","Es personal ","","Hombre","45 - 55","Graduado universitario / Técnico superior","Trabajo a tiempo completo (más de 30 horas a la semana)","Asalariado/a del sector privado"
"2019/04/09 9:06:59 p. m. EET","Sí","","","Sí","Siri, asistente de google","Mal funcionamiento del reconocimiento de voz;Las respuestas del asistente no contestan a las preguntas que le formulo","Hablar con fluidez","","","","","Hablar con el/ella, bromear o jugar de alguna manera, que me cuente noticias o datos interesantes","Muy a menudo","De vez en cuando","A menudo","Tal vez","","Muy interesante","Interés por ti, comunicación","","Respuesta sistemática o sin sentido a lo que le has dicho","","","Mujer","16 - 24","Bachillerato / Formación Profesional (Grado Medio)","Estudiante",""
"2019/04/09 9:07:00 p. m. EET","No","No","No lo veo útil","","","","","Sí","Siri","Mal funcionamiento del reconocimiento de voz","No","","","","","","","Poco","Que entienda las cosas como un humano","","No le veo inconveniente","","","Mujer","35 - 45","Graduado universitario / Técnico superior","Trabajo a tiempo parcial (8 - 30 horas a la semana)",""
"2019/04/09 9:08:45 p. m. EET","Sí","","","Sí","Siri ","Las respuestas del asistente no contestan a las preguntas que le formulo","No","","","","","Conversar un rato","De vez en cuando","Nunca","A menudo","No","","Interesante","Me permite actuar sin necesidad de usar las manos ","","No funciona bien ","","","Mujer","Menor de 16","Educación secundaria","Estudiante",""
"2019/04/09 9:08:55 p. m. EET","No","No","Porque es enfermizO","","","","","Sí","Siri","Mal funcionamiento del reconocimiento de voz","No","","","","","","","Muy interesante","Razona","Porque razona JAJAJ","Que razona","","","Mujer","16 - 24","Bachillerato / Formación Profesional (Grado Medio)","Estudiante",""
"2019/04/09 9:12:34 p. m. EET","No sé","No sé","No me gustaría que fuese como si hablara con un humano.","","","","","Sí","Siri","A veces no entiende lo que se quiere decir exactamente","No","","","","","","","Interesante","Que cambie la forma de hablar según la situación.","","El grado de dependencia que igual provoca ","","","Mujer","16 - 24","Bachillerato / Formación Profesional (Grado Medio)","Estudiante",""
"2019/04/09 9:13:22 p. m. EET","No sé","No","Uso que puede dar la empresa a los datos que está recogiendo en cuanto a ubicación, micrófono, etc","","","","","Sí","Siri, Cortana, Google Assistant","Perdida de tiempo","Uso de asistente para facilitar las cosas, no es necesario repetir algo varias veces o en su defecto que no tenga la función que buscas","","","","","","","Nada","Reconocimiento de música (Siri)","Es lo más útil que he encontrado en los asistentes","Perdida de tiempo","Repetir las cosas varias veces o no realizar la función que se desea","","Hombre","16 - 24","Bachillerato / Formación Profesional (Grado Medio)","Estudiante",""
"2019/04/09 9:13:36 p. m. EET","No sé","No sé","No lo encuentro necesario","","","","","Sí","Siri","Mal funcionamiento del reconocimiento de voz;Las respuestas no contestan a las preguntas formuladas","No sé","","","","","","","Interesante","Que se asemeje a un humano","","Me parece buena opción","","","Mujer","16 - 24","Bachillerato / Formación Profesional (Grado Medio)","Estudiante",""
"2019/04/09 9:13:47 p. m. EET","No","No","Porque no me inspiraría confianza","","","","","Sí","Siri","Mal funcionamiento del reconocimiento de voz;Las respuestas no contestan a las preguntas formuladas","No","","","","","","","Normal","La ayuda a personas necesitadas","","Posibles fallos del sistema","","","Mujer","16 - 24","Bachillerato / Formación Profesional (Grado Medio)","Estudiante",""
"2019/04/09 9:14:09 p. m. EET","Sí","","","Sí","Cortana","Las respuestas del asistente no contestan a las preguntas que le formulo","No","","","","","Para conversar y que te cuente noticias o datos curiosos","A menudo","Casi nunca","Casi nunca","Tal vez","","Normal","Disponibilidad ","","Poco desarrollo ","","","Mujer","16 - 24","Bachillerato / Formación Profesional (Grado Medio)","Estudiante",""
"2019/04/09 9:15:08 p. m. EET","No","No sé","Porque no estoy tan sólo como para hablarle a un puto robot","","","","","No","","","","","","","","","","Interesante","Que no haya diferencias con un humano","","Que nunca será igual que un humano","","","Perro","16 - 24","Bachillerato / Formación Profesional (Grado Medio)","Estudiante",""
"2019/04/09 9:15:21 p. m. EET","No sé","No sé","Me asusta el hecho de encontrar mayor consuelo emocional en una maquina que en las personas","","","","","No","","","","","","","","","","Interesante","La interacción en el mometno","","La falta de comprensión total","","","Mujer","16 - 24","Graduado universitario / Técnico superior","Estudiante",""
"2019/04/09 9:15:42 p. m. EET","No sé","Sí","","Sí","Siri y cortana","Mal funcionamiento del reconocimiento de voz","Mantener una conversación de colegueo","","","","","Para hablar cuando estuviera aburrido ","A menudo","De vez en cuando","Casi nunca","Tal vez","","Interesante","Que hable como una persona normal","","Es muy costoso","","","Mujer","25 - 35","Graduado universitario / Técnico superior","Estudiante",""
"2019/04/09 9:16:22 p. m. EET","No","No","Lo veo innecesario ","","","","","No","","","","","","","","","","Interesante","La capacidad de razonar","","El hecho de que pueda llegar a sustituir las relaciones humanas","","","Hombre","16 - 24","Bachillerato / Formación Profesional (Grado Medio)","Estudiante",""
"2019/04/09 9:19:06 p. m. EET","No sé","Sí","","Sí","Cortana","Mal funcionamiento del reconocimiento de voz","No","","","","","Para poca cosa ","Casi nunca","Nunca","Nunca","No","","Poco","Ninguna","","Que no sirve para mucho ","","","Mujer","16 - 24","Graduado universitario / Técnico superior","Estudiante",""
"2019/04/09 9:19:35 p. m. EET","No","No sé","Porque prefiero hablar con humanos básicamente 😌, hablar con una especie de robot me parece un poco frívolo... no sé..","","","","","No","","","","","","","","","","Normal","Pues la verdad es que no suelo utilizar este tipo de seres virtuales, así que no veo el atractivo ..","(En la pregunta anterior doy los motivos)","Que por mucho que el personaje virtual tenga ‘supuestamente personalidad y razonamiento’ nunca será un humano y no me da confianza","(En la pregunta anterior lo explico)","Depende de para qué cosas puede ser útil (por ejemplo en los gps de los vehículos es útil pero para depende qué cosas yo no lo utilizaría... creo que habría que concretar más en qué tipo de situación se refiere.. porque creo que el concepto es un poco generalizado.. o eso me parece a mi)","Mujer","25 - 35","Graduado universitario / Técnico superior","Trabajo a tiempo parcial (8 - 30 horas a la semana)",""
"2019/04/09 9:21:11 p. m. EET","Sí","","","Sí","Siri, Cortana, Alexa, Google Assistant","Las respuestas del asistente no contestan a las preguntas que le formulo","Conversaciones normales","","","","","Conversaciones convencionales, solucion de problemas...","Muy a menudo","Casi nunca","De vez en cuando","Sí","","Muy interesante","Que recuerde","","Que es imposible desarrollar una IA que aprenda lo suficientemente rapido como para que se note real","","","Hombre","16 - 24","Graduado universitario / Técnico superior","Trabajo a tiempo parcial (8 - 30 horas a la semana)",""
"2019/04/09 9:22:00 p. m. EET","No","No","No me inspira confianza que una maquina pueda razonar cual humano. Además creo que ninguna máquina pueda sustituir el trato con humanos.","","","","","No","","","","","","","","","","Normal","Que varíe el tono de voz","","Hay personas que tratarán de sustituir completamente el trato con humanos ","","","Mujer","16 - 24","Graduado universitario / Técnico superior","Estudiante",""
"2019/04/09 9:23:34 p. m. EET","No","No sé","No sé si me sentiría cómod@ hablando con una persona no real","","","","","Sí","Siri","Las respuestas no contestan a las preguntas formuladas","Responder preguntas sencillas sin abrir Safari","","","","","","","Normal","Las acciones cortas ","","Que a veces no te entiende","","","Mujer","16 - 24","Graduado universitario / Técnico superior","Estudiante",""
"2019/04/09 9:23:48 p. m. EET","No","No sé","No le veo utilidad inmediata. ","","","","","No","","","","","","","","","","Poco","Busqueda rápida","","Que no entienda bien la orden. ","","","Mujer","16 - 24","Graduado universitario / Técnico superior","Estudiante",""
"2019/04/09 9:27:21 p. m. EET","No sé","Sí","","No","","","","","","","","En lo relativo a mantener una conversación, debería saber si el asistente puede formar una opinión únicamente basada en su base de datos o también en el aprendizaje de mi personalidad (gracias a su inteligencia artificial). En caso de que su opinión fuese eficaz a mi parecer, llegaría incluso a pedir opinión sobre mis problemas, con la esperanza de obtener una respuesta objetiva y práctica. Aunque he tenido iPhone, nunca he llegado a usar el asistente de Siri para llevar una agenda, poner música o hacer otro tipo de tareas, simplemente porque me he resuelto por mi cuenta para acciones tan simples, así que dudo que llegase a usar este asistente de la misma manera.","De vez en cuando","Nunca","Nunca","Tal vez","","Muy interesante","La posibilidad de convertirse en un sucedáneo de secretario para personas que trabajen a un nivel alto, o más interesante aún, como apoyo para asistentes sociales o persona de compañía, por ejemplo de personas mayores (no creo que fuera recomendable basar este servicio al 100% en un sistema, que a fin de cuentas no es humano).","","Siempre puede haber errores de lectura, lo que puede ocasionar problemas o pérdida de tiempo intentando corregir sucesivamente un comando (ej. 'Llamar a Manuel', y el asistente entiende 'Daniel'...), o incluso ejecutar órdenes que han sido dadas por error del usuario (similar a las llamadas de bolsillo).","","","Mujer","16 - 24","Graduado universitario / Técnico superior","Estudiante",""
"2019/04/09 9:28:45 p. m. EET","No","Sí","","No","","","","","","","","Lo utilizaria principalmente para recordarme tareas","De vez en cuando","Casi nunca","Casi nunca","No","No entiendo muy bien a que se refiere con relacion personal pero no confiaria a un bot con mas de lo necesario","Normal","El que pueda recordar y acceder a su memoria rapidamente","Porque el que parezca humano no me atrae demasiado y el que pueda aprender me genera dudas","No le veo inconveniente mas de que no estoy acostumbrado a hacer uso de este tipo de sistemas","","","Hombre","16 - 24","Graduado universitario / Técnico superior","Estudiante",""
"2019/04/09 9:29:02 p. m. EET","No","No","Porque para me parece que me socializaría menos dado a que a lo mejor no hablo con gente al tener ese aparato para hablar con él","","","","","Sí","Siri","Mal funcionamiento del reconocimiento de voz;Las respuestas no contestan a las preguntas formuladas","Qué tardara menos en procesar las órdenes","","","","","","","Poco","Las emergencias","Porque si tienes una emergencia y no tienes tiempo de llamar al 112 puedes hacer que el asistente de llame por ti con un solo click","El tiempo que tarda","Porque muchas veces es más rápido realizar la acción que decirle al asistente que lo haga","","Mujer","Menor de 16","Educación secundaria","Estudiante",""
"2019/04/09 9:30:15 p. m. EET","Sí","","","Sí","Siri","Mal funcionamiento del reconocimiento de voz;Las respuestas del asistente no contestan a las preguntas que le formulo","Enviar mensajes o interaccionar con aplicaciones concretas, al igual que cambiar o saltar una canción","","","","","Poner música y crear listas de reproducción personalizadas y recordar tareas","A menudo","De vez en cuando","De vez en cuando","No","","Muy interesante","Recordar listas de tareas y reproducir música","","Pérdida de contacto con otras personas y falta de entendimiento con el asistente","","","Mujer","16 - 24","Graduado universitario / Técnico superior","Estudiante",""
"2019/04/09 9:32:58 p. m. EET","No sé","No sé","La información que recopilara ese asistente sobre mis gustos, aficiones... probablemente se vendería a terceras empresas","","","","","No","","","","","","","","","","Normal","La economización de mi tiempo","","La venta de mis datos a otras empresas","","","Hombre","16 - 24","Bachillerato / Formación Profesional (Grado Medio)","Otra situación",""
"2019/04/09 9:36:00 p. m. EET","No","Sí","","Sí","Siri","Mal funcionamiento del reconocimiento de voz","No","","","","","Contarle mis desgracias","De vez en cuando","Nunca","Nunca","No","","Normal","Hacerte compañia","","Creepy","","","Mujer","16 - 24","Graduado universitario / Técnico superior","Estudiante",""
"2019/04/09 9:37:44 p. m. EET","Sí","","","Sí","Siri, Cortana","Mal funcionamiento del reconocimiento de voz;Las respuestas del asistente no contestan a las preguntas que le formulo","Buscar información de manera razonada","","","","","Desde hablar, hasta tener una conversación con preguntas que deseo saber como si fuera un amigo o conocido","Muy a menudo","De vez en cuando","Nunca","No","","Muy interesante","La personalidad ","Es algo novedoso ser capaz de interactuar con una inteligencia artificial como si fuera una persona","Ninguno","","","Hombre","16 - 24","Bachillerato / Formación Profesional (Grado Medio)","Trabajo a tiempo parcial (8 - 30 horas a la semana)",""
"2019/04/09 9:46:47 p. m. EET","Sí","","","Sí","Cortana","Mal funcionamiento del reconocimiento de voz;Las respuestas del asistente no contestan a las preguntas que le formulo;No tiene una inteligencia artificial muy avanzada.","Recibir una ayuda adecuada a mis necesidades mientras uso el ordenador.","","","","","Si llegara hasta el punto de tener conciencia y poder jugar a videojuegos conmigo y tener conversaciones pues podría utilizarlo como ""amigo"".","A menudo","Casi nunca","Casi nunca","Tal vez","","Interesante","Que pueda comportarse como un ser humano.","Por la complejidad que requeriría esto.","Que tenga conciencia propia y actúe como una persona normal a lo película ""Her"" y se vuelva majara y linkee mis nudes o algo.","","Un poco creepy","Mujer","16 - 24","Bachillerato / Formación Profesional (Grado Medio)","Estudiante",""
"2019/04/09 9:49:53 p. m. EET","No","No","Porque me da miedo que haya algo tan parecido a un humano pero que no lo sea... miedo a no poder deshacerme de él cuando ya no quiera usarlo más...","","","","","Sí","Siri ","Las respuestas no contestan a las preguntas formuladas","No ","","","","","","","Nada","Que controle tu agenda ","Porque realmente puede ayudarte si eres un poco despistado a que no se te pase nada, acaba siendo más inteligente que tú...","La información personal que manejan","","","Mujer","16 - 24","Graduado universitario / Técnico superior","Estudiante",""
"2019/04/09 9:53:07 p. m. EET","No","No sé","No me gusta humanizar tanto a las máquinas, robots, etc y mucho menos depender en gran medida de ellas","","","","","Sí","Cortana","Mal funcionamiento del reconocimiento de voz","No","","","","","","","Normal","El uso de la IA para aprender y mejorar su funcionamiento","","Que todos son productos de corporaciones multinacionales","","Recogen bastante más información de la que te dicen y sobretodo metadatos que luego venden a empresas privadas y hacen negocio con tu información","Hombre","16 - 24","Graduado universitario / Técnico superior","Estudiante",""
"2019/04/09 9:54:47 p. m. EET","No sé","No sé","Me da miedo la falta de independencia de la tecnología y la perdida del contacto real entre humanos","","","","","No","","","","","","","","","","Interesante","La semejanza con el ser humano, hacerlo razonar, bromear... Que sea capaz de adaptarse a las situaciones de forma totalmente independiente","","La facilidad de comunicarse con el, que este programado para ser amable o agradable con el usuario haría que la gente de volviera vaga a relacionarse con otras personas, que son más ""arriesgadas"", se pueden reír de ti, meterse contigo...","","","Mujer","16 - 24","Graduado universitario / Técnico superior","Estudiante",""
"2019/04/09 9:55:48 p. m. EET","No","Sí","","Sí","Siri","Mal funcionamiento del reconocimiento de voz;Las respuestas del asistente no contestan a las preguntas que le formulo","Follar","","","","","Youtube","Nunca","Nunca","Nunca","No","","Nada","Ninguna","","Falta de humanidad","","","Hombre","16 - 24","Graduado universitario / Técnico superior","Estudiante",""
"2019/04/09 9:58:41 p. m. EET","No sé","Sí","","Sí","Cortana","Mal funcionamiento del reconocimiento de voz;Me cansa","No","","","","","Ayuda con trabajos, información como un profesor particular, conversaciones sobre el más allá, juegos de pc... ","A menudo","Casi nunca","Casi nunca","Tal vez","","Interesante","Que pueda confundir y creer que es humano","Me recuerda a la película Her","Que no sea humano y se comporte como tal es una idea fría","Porque los humanos somos más que máquinas, nuestro cuerpo funciona parecido, pero nuestro cerebro es un misterio, no son solo impulsos eléctricos, el hecho de tener que buscar compasión y atención en una máquina no me parece un avance, más bien algo antinatural. ","","Mujer","16 - 24","Graduado universitario / Técnico superior","Estudiante",""
"2019/04/09 10:00:05 p. m. EET","No sé","Sí","","Sí","Siri","Las respuestas del asistente no contestan a las preguntas que le formulo","No","","","","","Para poder cantar con él o ella","De vez en cuando","Nunca","De vez en cuando","No","","Poco","Que sea bromista","","A veces no te entiende ","","","Mujer","16 - 24","Bachillerato / Formación Profesional (Grado Medio)","Estudiante",""
"2019/04/09 10:02:28 p. m. EET","Sí","","","Sí","Siri, Cortana","Las respuestas del asistente no contestan a las preguntas que le formulo","No","","","","","Lista de tareas y aplicaciones","A menudo","De vez en cuando","De vez en cuando","No","","Interesante","Contestación rápida a preguntas","","Dependencia ","","","Mujer","16 - 24","Graduado universitario / Técnico superior","Estudiante",""
"2019/04/09 10:02:59 p. m. EET","Sí","","","Sí","Siri y Google Home","Las respuestas del asistente no contestan a las preguntas que le formulo","Mantener una conversación con un mínimo de sentido","","","","","Para pasar un rato aburrido, para que me ayudáse a estudiar, preguntándle dudas y resolviendo problemas.","A menudo","De vez en cuando","Casi nunca","No","","Interesante","Que no te responda todo el rato: “Perdona, pero no te entiendo, ¿quieres que busque “¿Cuantas atmósferas de presión son 1800 milímetros de mercurio?” (Por ejemplo)","Porque así todo sería más fluido","Que puede llegar a parecerse tanto a una persona que puede incluso asustar","Porque algo que no es humano y tampoco esta vivo y que ademas se parece tanto a un humano da miedito.","","Hombre","16 - 24","Graduado universitario / Técnico superior","Estudiante",""
"2019/04/09 10:04:22 p. m. EET","Sí","","","Sí","Siri","Mal funcionamiento del reconocimiento de voz;Las respuestas del asistente no contestan a las preguntas que le formulo","No","","","","","Conversar, marcar recordatorios, debatir sobre fútbol... También podría ser útil para estudiar para exámenes (por ejemplo, para que te haga preguntas sobre el tema que estás estudiando) ","De vez en cuando","Casi nunca","Casi nunca","Tal vez","","Muy interesante","Capacidad de conversación","Actualmente no creo que existan inteligencias artificiales con las que puedas tener una charla fluida","Sería extraño poder establecer vínculos con un ser artificial","","","Hombre","16 - 24","Graduado universitario / Técnico superior","Estudiante",""
"2019/04/09 10:04:58 p. m. EET","No","No sé","Me gusta pensar q soy capaz de hacerlo todo por mi mismo. Este instrumento ayudaría demasiado al sedentarismo y ha hacer cada vez menos. ","","","","","No","","","","","","","","","","Poco","La rapidez de su respuesta. ","Es fascinante ver como es capaz de sacar en claro lo que se le está diciendo. ","La cantidad de información personal que proporcionamos. ","La big data y ese rollo, pues no mola. ","","Hombre","16 - 24","Bachillerato / Formación Profesional (Grado Medio)","Estudiante",""
"2019/04/09 10:11:31 p. m. EET","Sí","","","No","","","","","","","","Para recordarme cosas","A menudo","De vez en cuando","Casi nunca","No","","Interesante","Que sea capaz de reaccionar como lo haría una persona real con bromas o comentarios","","Que pueda provocar que dejemos de buscar la relación con personas reales","","","Mujer","16 - 24","Graduado universitario / Técnico superior","Estudiante",""
"2019/04/09 10:15:52 p. m. EET","No","No sé","Usaría Google ","","","","","Sí","Cortana","Es un coñazo de usar, lento","Buscar información con soltura y de mi interés ","","","","","","","Normal","La IA de personalidad ","Puedes echarte unas risas ","Que los algoritmos que se use para crear este tipo de ""ente"" puede ser repetitivo o poco creativo, además carente de utilidad y uso para cierto tipo de personas. Falta mucho por recorrer...","","también puede volverse contraproducente y peligroso para cierto tipo de personalidades introvertidas, como pasa ya en Japón.","Hombre","25 - 35","Graduado universitario / Técnico superior","Trabajo a tiempo completo (más de 30 horas a la semana)","Trabajador/a autónomo/a o empresario/a sin asalariados"
"2019/04/09 10:18:23 p. m. EET","No sé","Sí","","Sí","Cortana, Asistente de Google","Mal funcionamiento del reconocimiento de voz;Las respuestas del asistente no contestan a las preguntas que le formulo","No. ","","","","","Le pediría opinión acerca de redacciones, escritos, programaciones, etc. ","De vez en cuando","Casi nunca","Nunca","No","","Interesante","Disponibilidad permanente","","Su uso no está excesivamente normalizado, tardaría en acostumbrarme. ","","","Mujer","16 - 24","Graduado universitario / Técnico superior","Estudiante",""
"2019/04/09 10:18:46 p. m. EET","No sé","Sí","","Sí","Siri","Mal funcionamiento del reconocimiento de voz;Las respuestas del asistente no contestan a las preguntas que le formulo;Incapacidad de realizar lo que le pido debido a un alto grado de especificidad","Sí, sobre todo cuando le pido tareas más relacionadas con imagen que con texto y no sabe realizarlas","","","","","Para ordenarle poner determinadas playlists, buscar apuntes e información, tomarlos y si está bien configurado en varios idiomas intentar aprender idomas","A menudo","De vez en cuando","Casi nunca","No","","Interesante","La humanización ","","El usarlo en público ","","","Mujer","16 - 24","Bachillerato / Formación Profesional (Grado Medio)","Estudiante",""
"2019/04/09 10:18:46 p. m. EET","Sí","","","Sí","Siri ","Las respuestas del asistente no contestan a las preguntas que le formulo","Traducciones o saber un dato concreto sin que remita a una página web ","","","","","Buscar música o información y datos concretos y traducir textos de otro idioma","De vez en cuando","A menudo","Casi nunca","Tal vez","","Interesante","Poder obtener datos y que me los facilite de forma personal ","","Que nunca a llegará a ser igual el trato que con una persona y en nuestra mentalidad siempre estará presente que es algo virtual ","No es tan personal ","","Mujer","16 - 24","Bachillerato / Formación Profesional (Grado Medio)","Estudiante",""
"2019/04/09 10:21:17 p. m. EET","No sé","No sé","Me sentiría ""vigilada"" ","","","","","No","","","","","","","","","","Interesante","Que recuerde","","Que cree dependencia","","","Mujer","16 - 24","Bachillerato / Formación Profesional (Grado Medio)","Estudiante",""
"2019/04/09 10:23:25 p. m. EET","No","No","Falta de humanidad","","","","","Sí","Cortana","Las respuestas no contestan a las preguntas formuladas","No","","","","","","","Nada","No me gusta","","No lo se","","","Mujer","16 - 24","Graduado universitario / Técnico superior","Estudiante",""
"2019/04/09 10:35:53 p. m. EET","Sí","","","Sí","Asistente Google","Las respuestas del asistente no contestan a las preguntas que le formulo","No","","","","","Lo emplearía como ayuda en mi vida diaria. Por ejemplo para que me recordase eventos o tareas que se me olvidara realizar. Para que me informase de actividades que pudiera realizar en función del lugar en que me encontrase, por ejemplo en un viaje me informase de sitios turísticos o de ocio. También que incorporara algún complemento de mapas tipo Google Maps, que te fuera dando las indicaciones en el momento. También al ser como una persona, podría aconsejarte en decisiones de la vida diaria, o darte consejos en momentos de indecisión.","A menudo","A menudo","De vez en cuando","Tal vez","Tal vez puedas llegar a una amistad","Muy interesante","Que pueda cambiar la tonalidad de voz y razonar","","Tráfico de datos personales","No dejas de compartir datos con una plataforma online","","Mujer","16 - 24","Graduado universitario / Técnico superior","Estudiante",""
"2019/04/09 10:48:18 p. m. EET","No","Sí","","No","","","","","","","","Si hace las mismas funciones que un ser humano, lo utilizaría para ayudar a las personas con discapacidades","Casi nunca","Casi nunca","Nunca","No","","Normal","Que pueda razonar como un ser humano y hacer las mismas funciones","","Que se vuelva loco","","","Mujer","16 - 24","Prefiero no decirlo","Prefiero no decirlo",""
"2019/04/09 10:54:09 p. m. EET","Sí","","","Sí","Cortana ","Mal funcionamiento del reconocimiento de voz","Buscar canciones ","","","","","Poner la música que quiero ","De vez en cuando","De vez en cuando","Casi nunca","No","","Interesante","Personalizado ","","No es un persona real ","","","Mujer","16 - 24","Graduado universitario / Técnico superior","Estudiante",""
"2019/04/09 10:57:24 p. m. EET","No","No sé","Este tipo de aparatos no me da seguridad","","","","","Sí","Siri, Cortana y Alexa","Mal funcionamiento del reconocimiento de voz;Las respuestas no contestan a las preguntas formuladas","No. ","","","","","","","Normal","El hecho de que sea capaz, casi siempre, de ejecutar nuestras órdenes","","No me inspiran seguridad por el hecho de que tienen que estar escuchando para ver cuándo nos dirigimos a ellos.","","","Mujer","16 - 24","Graduado universitario / Técnico superior","Estudiante",""
"2019/04/09 11:00:22 p. m. EET","No sé","No sé","Considero que una máquina nunca reemplazará lo que puede aportar un humano, pero si veo muy útil este tipo de asistente para personas como los autistas. ","","","","","Sí","Cortana. ","No da diferentes tipos de respuestas para una misma pregunta. ","Debatir, siempre me manda a articulos de Internet. ","","","","","","","Interesante","Casi cumple con las funciones básicas de una interacción comunicativa humana. ","Veo casi imposible que se logre, pero en caso de que lo hiciese me parecería un avance demasiado grande. ","A las personas que les cuesta más la interacción con otros sujetos, les facilitará no romper esa barrera. ","","","Mujer","16 - 24","Bachillerato / Formación Profesional (Grado Medio)","Estudiante",""
"2019/04/09 11:06:24 p. m. EET","No","No sé","No se, prefiero ablar con una persona real","","","","","Sí","Siri","Mal funcionamiento del reconocimiento de voz;Las respuestas no contestan a las preguntas formuladas","Buscar informacion en internet","","","","","","","Normal","Las mas utiles, llamadas, recordatorios...","","No reconoce bien la voz si hay ruido de fondo y a veces no entiendes lo que necesitas","","","Mujer","16 - 24","Graduado universitario / Técnico superior","Estudiante",""
"2019/04/09 11:08:01 p. m. EET","No sé","No sé","Es un poco turbio xd","","","","","No","","","","","","","","","","Interesante",". ","",". ","","","Mujer","16 - 24","Graduado universitario / Técnico superior","Estudiante",""
"2019/04/09 11:09:46 p. m. EET","No sé","Sí","","Sí","Cortana","Realmente no le veo una gran utilidad al asistente","No","","","","","Probablemente lo probaría, y solo lo usaría en algún momento que me aburra para pasar el rati","De vez en cuando","Nunca","Casi nunca","No","","Poco","El hecho de que sea capaz de imitar el comportamiento humano","","Se trata de tareas que también puedo realizar yo sin complicación","","","Hombre","16 - 24","Bachillerato / Formación Profesional (Grado Medio)","Estudiante",""
"2019/04/09 11:11:04 p. m. EET","Sí","","","Sí","Siri ","Mal funcionamiento del reconocimiento de voz","Controlar más funciones del dispositivo móvil ","","","","","Preguntar la hora, crear recordatorios, temporizadores ...","Muy a menudo","De vez en cuando","A menudo","No","","Muy interesante","La rapidez y la evolución ","","Fallos en escucha ","","","Hombre","16 - 24","Graduado universitario / Técnico superior","Estudiante",""
"2019/04/09 11:15:28 p. m. EET","No","No","Creo que sustituir algo que puede hacer una persona no es progreso sino atraso en cuanto a relaciones interpersonales, además muchas veces los inventores sólo atienden el ""como hacerlo"" pero no el ""por qué"". ","","","","","No","","","","","","","","","","Poco","No es una característica del propio sistema, pero su proceso de creación podría ayudar a otros ámbitos tales como la informática, robótica... ","","Sustituye lo que puede hacer una persona. ","No lo considero progreso (con todo el respeto) ","","Prefiero no decirlo","Prefiero no decirlo","Prefiero no decirlo","Prefiero no decirlo",""
"2019/04/09 11:15:38 p. m. EET","No","No sé","Algo muy "" artificial "" , personalmente pudiendo hablar y mantener una conversacion con alguien humano no lo haria con algo artificial","","","","","Sí","Cortana","Mal funcionamiento del reconocimiento de voz;Las respuestas no contestan a las preguntas formuladas","Diria que no","","","","","","","Interesante","Poder llamar , mandar mensajes y muchas mas cosas uso de la pantalla tactil","","Mal reconocimiento ","","","Hombre","16 - 24","Graduado universitario / Técnico superior","Estudiante",""
"2019/04/09 11:15:44 p. m. EET","No","No sé","Porque sería raro llevar algo que te está hablando de continuo todo el día","","","","","Sí","El de mi smartphone","Mal funcionamiento del reconocimiento de voz","No","","","","","","","Interesante","Que pueda buscar de manera muy eficaz la información que se necesita","","Que tengas que ser muy claro y conciso en lo que dices y que sólo busca por palabras clave","Porque al buscar mediante palabras clave te pueden salir búsquedas de otro tipo a veces o no encuentras la información que buscas","","Mujer","16 - 24","Bachillerato / Formación Profesional (Grado Medio)","Estudiante",""
"2019/04/09 11:18:16 p. m. EET","No","No","Irrelevante","","","","","No","","","","","","","","","","Normal","Ns","","Deshumanización","","","Hombre","16 - 24","Bachillerato / Formación Profesional (Grado Medio)","Estudiante",""
"2019/04/09 11:18:41 p. m. EET","No","No","Prefiero realizar las búsquedas por mi mismx","","","","","No","","","","","","","","","","Nada","La regulación del tono de voz","","La asociación que se pueda crear entre lo tecnologíco y lo humano","","","Prefiero no decirlo","16 - 24","Graduado universitario / Técnico superior","Estudiante",""
"2019/04/09 11:25:46 p. m. EET","No sé","Sí","","Sí","Siri","Las respuestas del asistente no contestan a las preguntas que le formulo","Que me pueda prestar información precisa y rápida ","","","","","Poder mantener diálogos sobre temas de interés para mi, que me pues prestar toda la información que le pida...","De vez en cuando","A menudo","De vez en cuando","Tal vez","","Interesante","Que pueda ser como un ser humano","","Que pueda quitar puestos de trabajo a personas humanas ","","","Mujer","16 - 24","Graduado universitario / Técnico superior","Estudiante",""
"2019/04/09 11:28:32 p. m. EET","No","No sé","Me gusta la independencia, me gusta hacer y averiguar las cosas a través de mis propios actos","","","","","No","","","","","","","","","","Interesante","El hecho de que cambie de tono de voz","Porque, por así decirlo, sería una muestra de como se ""siente"" este asistente. Los sentimientos son lo único propio de los seres humanos y ajeno a cualquier máquina","Que te taladre la oreja","","","Mujer","16 - 24","Graduado universitario / Técnico superior","Estudiante",""
"2019/04/09 11:31:47 p. m. EET","No sé","Sí","","No","","","","","","","","Consultar el tráfico, saber si va a llover, poner música, programar una alarma...","De vez en cuando","Casi nunca","Casi nunca","Tal vez","","Poco","Podría hacer consultas en la red sin tener que pararme utilizar mi smartphone mientras hago otras cosas","Ganaria tiempo","Que me cree dependencia y control","","","Mujer","35 - 45","Bachillerato / Formación Profesional (Grado Medio)","Trabajo a tiempo completo (más de 30 horas a la semana)","Asalariado/a del sector privado"
"2019/04/09 11:34:35 p. m. EET","No","No sé","No lo necesito.","","","","","No","","","","","","","","","","Nada","Rapidez de respuesta. ","","No es cien por cien fiable ","","","Mujer","16 - 24","Graduado universitario / Técnico superior","Estudiante",""
"2019/04/09 11:40:44 p. m. EET","Sí","","","Sí","Siri","Mal funcionamiento del reconocimiento de voz;Las respuestas del asistente no contestan a las preguntas que le formulo","Que me conteste algo que no esté programado","","","","","Escuchar música y hablar con el","Muy a menudo","A menudo","Muy a menudo","No","","Interesante","El hecho de que pueda hablar con él y me pueda contestar","","Que esté programado","","","Hombre","16 - 24","Bachillerato / Formación Profesional (Grado Medio)","Estudiante",""
"2019/04/09 11:47:51 p. m. EET","No","Sí","","No","","","","","","","","Para hablar con él","A menudo","Casi nunca","Nunca","Tal vez","","Normal","El que posea personalidad","","Que es un robot y no una persona de verdad","","","Hombre","16 - 24","Bachillerato / Formación Profesional (Grado Medio)","Estudiante",""
"2019/04/09 11:54:36 p. m. EET","Sí","","","No","","","","","","","","Para intercambiar opiniones de series y peliculas","De vez en cuando","Nunca","De vez en cuando","No","","Interesante","Que sea de libre interacción. No solo temas establecidos y que sus respuestas sean espontáneas y humanas","","Me puede llegar a aburrir","Si denota muchas características artificiales. Tiene que ser imprevisible ","","Me da lo mismo","25 - 35","Doctorado","Otra situación",""
"2019/04/10 12:08:44 a. m. EET","Sí","","","Sí","Siri, Google, el reconocedor de voz de Windows vista","Mal funcionamiento del reconocimiento de voz;Dista de ser una IA","Una inteligencia artificial","","","","","Automatizar tareas (domótica)","Muy a menudo","Casi nunca","De vez en cuando","No","Es una IA. No una persona","Muy interesante","Automatización de tareas rutinarias","No aportan nada a la vida","Dependencia. Y desconocimiento/olvido de tareas sencillas","Olvido por falta de repetición","Útil, me gustaría, pero no se debería usar sin entenderlo","Hombre","16 - 24","Graduado universitario / Técnico superior","Estudiante",""
"2019/04/10 12:09:31 a. m. EET","No","No sé","No me gusta la idea de la robótica sustituyendo o intentando imitar a un se humano ","","","","","Sí","ambos","Mal funcionamiento del reconocimiento de voz;Las respuestas no contestan a las preguntas formuladas","no","","","","","","","Poco","ninguna","","--","","","Prefiero no decirlo","16 - 24","Graduado universitario / Técnico superior","Estudiante",""
"2019/04/10 12:16:46 a. m. EET","No","No","Porque no aprecio el trato con robots","","","","","Sí","Cortana","Las respuestas no contestan a las preguntas formuladas","No","","","","","","","Poco","Disponibilidad de informacion","","Trato frio, limitado","","","Prefiero no decirlo","16 - 24","Graduado universitario / Técnico superior","Prefiero no decirlo",""
"2019/04/10 12:19:43 a. m. EET","No sé","No sé","Me parecería extraño","","","","","No","","","","","","","","","","Normal","Que logre expresar ideas entonadas y razonadas","","No se, hablar con máquinas ¿?","","","Mujer","16 - 24","Graduado universitario / Técnico superior","Estudiante",""
"2019/04/10 12:28:43 a. m. EET","No","No","Al fin y al cabo es todo artificial y sin sentimientos. No necesito un asistente virtual habiendo y pudiendo conocer a personas de verdad.","","","","","No","","","","","","","","","","Poco","El recuerdo","","No es una persona real","","","Mujer","16 - 24","Graduado universitario / Técnico superior","Estudiante",""
"2019/04/10 12:29:16 a. m. EET","No","No","No me gusta y me parece que esta mal ","","","","","No","","","","","","","","","","Nada","La respuesta rapida ","La sociedad de hoy en dia busca soluciones inmediatas ","Que esa persona se va a pasar dia y noche trabajando de manera personal para otra ","","","Mujer","16 - 24","Graduado universitario / Técnico superior","Estudiante",""
"2019/04/10 12:30:38 a. m. EET","No sé","Sí","","Sí","Cortana","Ninguno","No","","","","","Tener conversaciones fluidas podría ser interesante","Casi nunca","Casi nunca","Nunca","No","","Normal","El ingenio de sus respuestas","","Ninguno","","","Hombre","16 - 24","Bachillerato / Formación Profesional (Grado Medio)","Otra situación",""
"2019/04/10 6:00:54 a. m. EET","No sé","Sí","","No","","","","","","","","Lo usaría como si fuese Google pero que me diera directamente las respuestas correctas para cada ocasión ","A menudo","A menudo","Casi nunca","No","","Interesante","El tener ayuda personalizada ","Me da pereza buscar las cosas muchas veces","Que de momento hay muchos parecidos y al final son limitados","","","Mujer","25 - 35","Graduado universitario / Técnico superior","Trabajo a tiempo completo (más de 30 horas a la semana)","Asalariado/a del sector público"
"2019/04/10 8:56:38 a. m. EET","Sí","","","Sí","Siri","Mal funcionamiento del reconocimiento de voz","Que tuviera pleno control sobre las aplicaciones","","","","","Por ejemplo, se me ocurre que podría utilizarlo cuando necesitase buscar información instantánea en internet, sin tener que recurrir al móvil directamente, como si el asistente fuese mi amigo que TODO lo sabe ","Muy a menudo","De vez en cuando","De vez en cuando","No","","Muy interesante","La personalidad ","","Su capacidad de tener “emociones”","","","Hombre","16 - 24","Bachillerato / Formación Profesional (Grado Medio)","Estudiante",""
"2019/04/10 9:12:39 a. m. EET","Sí","","","Sí","Siri","Las respuestas del asistente no contestan a las preguntas que le formulo","No","","","","","Hablar en tiempo libre,entretenerme.","A menudo","Casi nunca","Nunca","No","","Normal","Razonamiento humano.","No hay productos así en el mercado.","A pesar de tener razonamiento humano,sigue siendo a través de una máquina.","","","Mujer","16 - 24","Bachillerato / Formación Profesional (Grado Medio)","Trabajo a tiempo parcial (8 - 30 horas a la semana)",""
"2019/04/10 9:16:04 a. m. EET","Sí","","","No","","","","","","","","Cualquier tarea excepto mantener una conversación","Muy a menudo","Muy a menudo","A menudo","Tal vez","","Muy interesante","Sus características humanas (sentir..)","","Miedo a la dependencia del mismo","Menor uso de nuestra función cognitiva (efecto Google)","","Hombre","16 - 24","Graduado universitario / Técnico superior","Trabajo a tiempo parcial (8 - 30 horas a la semana)",""
"2019/04/10 9:35:16 a. m. EET","No","No sé","No me parece necesario ni útil ","","","","","Sí","Siri ","Las respuestas no contestan a las preguntas formuladas","No hay nada ","","","","","","","Normal","Cambie el tono de voz en las situaciones ","","Error en el sistema informático ","","","Mujer","16 - 24","Graduado universitario / Técnico superior","Estudiante",""
"2019/04/10 9:38:29 a. m. EET","No","No sé","Por ejemplo, cortana, que obviamente está años luz de lo propuesto, no me inspira nada de confianza en plan a mi seguras ad y privacidad","","","","","No","","","","","","","","","","Muy interesante","Que te responda a lo que pregunto ","Si lo usas bien, puede ser una herramienta to chula y util","La privacidad ","No me mola que se sepa donde estoy que hago en todo momento, más haya de las personas que quiero que lo sepan","Puede crear dependencia en personas solas y vulnerables y así largas completamente ","Hombre","16 - 24","Graduado universitario / Técnico superior","Estudiante",""
"2019/04/10 9:49:38 a. m. EET","Sí","","","Sí","Siri","Las respuestas del asistente no contestan a las preguntas que le formulo","Que organice mi tiempo eficientemente ","","","","","Hablar desde luego que no, pero lo usaría para ahorrar tiempo a la hora de sacar el móvil para mandar mensajes, o abrir aplicaciones para poner música ","A menudo","Nunca","De vez en cuando","Tal vez","Estaría bien que al reconocer mis gustos, supieras más cosas sobre mi, y me ayudará a encontrar cosas nuevas, me contara chistes que me gustaran o me dijera cosas que me gustasen","Interesante","El poder responder a cualquier pregunta ","Muchas asistentes existentes no tienen dicha capacidad","Su voz y su incapacidad de responder ciertas preguntas sin conexión ","","","Hombre","16 - 24","Graduado universitario / Técnico superior","Estudiante",""
"2019/04/10 10:11:12 a. m. EET","No sé","No sé","Depende del uso que le vaya a dar. En este momento no requiero nada similar","","","","","No","","","","","","","","","","Normal","Que parezca humano","","Ahora, ninguno. No los he usado apenas","","","Mujer","16 - 24","Graduado universitario / Técnico superior","Estudiante",""
"2019/04/10 10:18:12 a. m. EET","No sé","Sí","","Sí","Asistente de google","Mal funcionamiento del reconocimiento de voz;Las respuestas del asistente no contestan a las preguntas que le formulo","Tener un funcionamiento fluido que haga de su uso algo realmente util y factiblk","","","","","Sería mi secretaria personal (recordar cosas que hacer, cuando y con quien he quedado, recordatorios de fechas limite, etc) Aparte me gustaria que me hiciese una recomendacion 'humana' de contenido en internet (videos, series, etc) que buscase a travea de distintas plataformas y se basase realmente en mis gustos y no la publicidad","Muy a menudo","Casi nunca","De vez en cuando","Tal vez","Los asistentes no la chupan, pero se les puede coger cariño supongo","Interesante","La 'humanidad' (conversacion)","","Que resultan frios y poco naturales","","","Hombre","16 - 24","Graduado universitario / Técnico superior","Estudiante",""
"2019/04/10 10:22:28 a. m. EET","Sí","","","Sí","Amazon Echo","Mal funcionamiento del reconocimiento de voz","La música está muy limitada, debes pagar un suplemento ","","","","","Escuchar música y búsquedas de información rápidas ","A menudo","Casi nunca","Casi nunca","No","","Interesante","Su capacidad de imitar el comportamiento humano","","Su nivel de desarrollo es bajo aún ","","","Hombre","16 - 24","Graduado universitario / Técnico superior","Estudiante",""
"2019/04/10 10:46:28 a. m. EET","Sí","","","Sí","Cortana","Mal funcionamiento del reconocimiento de voz","Facilidad de uso ","","","","","Lo usaría para que fuese mi agenda personal, traducir palabras de otros idiomas, buscar datos históricos, conceptos de teoría, relaciones útiles, datos interesantes, que me contase chistes, historias...","Muy a menudo","A menudo","A menudo","Sí","","Muy interesante","Que sea como una persona, con personalidad","Porque somos humanos. Siempre gusta tener a ""alguien"" ahí.","Que seguramente no funcione fluidamente, que sea como los actuales asistentes y lo hagan muy impersonal","","Molaría que fuese como en Iron Man","Hombre","16 - 24","Graduado universitario / Técnico superior","Estudiante",""
"2019/04/10 11:06:04 a. m. EET","No sé","Sí","","No","","","","","","","","Conversar en un rato muerto","Casi nunca","Nunca","Nunca","No","","Poco","Que sea incapaz de diferenciarlo de un humano ","","No me gusta hablar con los asistentes virtuales y menos en público ","","","Hombre","16 - 24","Graduado universitario / Técnico superior","Estudiante",""
"2019/04/10 2:18:29 p. m. EET","No","No sé","No lo necesito.","","","","","No","","","","","","","","","","Poco","Comodidad a la hora de obtener respuestas.","","No lo he utilizado nunca.","","","Hombre","25 - 35","Graduado universitario / Técnico superior","Trabajo a tiempo completo (más de 30 horas a la semana)","Asalariado/a del sector privado"
"2019/04/10 2:32:27 p. m. EET","Sí","","","Sí","SIRI","Mal funcionamiento del reconocimiento de voz;Las respuestas del asistente no contestan a las preguntas que le formulo","Concreto nada.","","","","","Mantener conversaciones graciosas, hacer recordatorios, respuestas que descoloquen...","De vez en cuando","A menudo","Casi nunca","No","","Interesante","Entretenimiento y ayuda organizativa. Apoyo para personas con alguna discapacidad.","","Fallos argumentales, respuestas sin coherencia con la pregunta. Siempre te dicen que mires que lo ha encontrado en internet...","Termina siendo molesto obviamente.","","Hombre","16 - 24","Bachillerato / Formación Profesional (Grado Medio)","Otra situación",""
"2019/04/10 2:47:22 p. m. EET","No sé","Sí","","Sí","Siri","Mal funcionamiento del reconocimiento de voz","Nada","","","","","Como gps/guia cuando fuera a algun sitio o ciudad desconocida para mi","De vez en cuando","De vez en cuando","De vez en cuando","No","","Normal","Ningunq",".","Ninguno",".","","Mujer","45 - 55","Educación secundaria","Trabajo a tiempo parcial (8 - 30 horas a la semana)",""
"2019/04/10 2:56:56 p. m. EET","Sí","","","No","","","","","","","","Lo utilizaria para que me ayudara con los deberes, y alomejor para hablarle de mis problemas, ya que dudo que se lo cuente a alguien.","A menudo","De vez en cuando","Casi nunca","Sí","si, porque si se comporta como una persona, se podria empatizar con el o ellas","Muy interesante","pues que pueda cambiar su voz, adecuandose a la situacion o a lo que esta contando","porque mola ","que realmente sea como una persona y se pueda volver contra a ti y te ataque o cosas por el estilo","porque podria ser peligroso","","Mujer","16 - 24","Bachillerato / Formación Profesional (Grado Medio)","Estudiante",""
"2019/04/10 3:19:27 p. m. EET","No sé","No sé","Si lo viera necesario lo utilizaría ","","","","","Sí","No entiende la pregunta y contesta otra cosa diferente ","Las respuestas no contestan a las preguntas formuladas","No recuerdo ","","","","","","","Interesante","Su ubicación ","Comodidad y discreción ","Te vuelve perezoso","","","Mujer","35 - 45","Graduado universitario / Técnico superior","Desempleado",""
"2019/04/10 3:30:46 p. m. EET","No","No","Por razones éticas.","","","","","No","","","","","","","","","","Nada","Su propuesta tecnológica.","Por su desarrollo científico y tecnológico.","Que sustituye a trabajadores reales.","","","Mujer","45 - 55","Graduado universitario / Técnico superior","Trabajo a tiempo completo (más de 30 horas a la semana)","Asalariado/a del sector público"
"2019/04/10 3:36:20 p. m. EET","No sé","Sí","","Sí","Siri, Galaxy y Cortana","Las respuestas del asistente no contestan a las preguntas que le formulo","No se me ocurre nada","","","","","Me gustaría usarlo para mantener una lista de tareas pendientes","De vez en cuando","A menudo","De vez en cuando","No","","Interesante","Que me recuerde la cosas","Porque soy muy despistada","Te está controlando las 24 horas del día","Porque esto podría usarse para un fin muy malo que es el de controlar a una persona y saber qué hace y dónde está en cada momento","","Mujer","Prefiero no decirlo","Graduado universitario / Técnico superior","Estudiante",""
"2019/04/10 3:49:25 p. m. EET","Sí","","","Sí","Siri","Las respuestas del asistente no contestan a las preguntas que le formulo","Mantener una conversación fluida ","","","","","Para contarle las preocupaciones si es que no tienes a nadie cercano en ese momento para poder desahogarte, para compartir experiencias, recordar cosas ..","A menudo","De vez en cuando","Muy a menudo","Tal vez","","Interesante","Que pueda llegar a comportarse como un ser racional ","","La sustitucion de personas , es decir, cambiar tu círculo por la relación con tu asistente ","","","Mujer","16 - 24","Bachillerato / Formación Profesional (Grado Medio)","Estudiante",""
"2019/04/10 3:54:08 p. m. EET","Sí","","","Sí","Siri","Las respuestas del asistente no contestan a las preguntas que le formulo","No","","","","","Para poner música o para poner recordatorios para la cosas que tengo que hacer","Muy a menudo","A menudo","De vez en cuando","No","","Muy interesante","Que se puedan mantener conversaciones ","","Dejaríamos de hacer cosas por nosotros mismos","","","Mujer","16 - 24","Educación secundaria","Estudiante",""
"2019/04/10 4:02:12 p. m. EET","Sí","","","Sí","Alexa","Ninguno","No","","","","","Para ayudar con las tareas y mantener alguna conversación en algún momento","Muy a menudo","De vez en cuando","De vez en cuando","No","","Normal","Que sea como una persona","","Cómo sería","","","Hombre","16 - 24","Bachillerato / Formación Profesional (Grado Medio)","Estudiante",""
"2019/04/10 4:09:41 p. m. EET","No","Sí","","Sí","Siri","Las respuestas del asistente no contestan a las preguntas que le formulo","Creo que actualmente cubren las necesidades mínimas. ","","","","","Quizá para funciones similares a los asistentes actuales. ","Casi nunca","Casi nunca","De vez en cuando","Tal vez","","Normal","Eficacia. ","Acceso a gran cantidad de información en poco tiempo y de forma sencilla. ","Falta de similaritud con la realidad. ","","","Hombre","16 - 24","Bachillerato / Formación Profesional (Grado Medio)","Estudiante",""
"2019/04/10 4:30:30 p. m. EET","Sí","","","Sí","Siri y Cortana","Las respuestas del asistente no contestan a las preguntas que le formulo","No","","","","","Como recordatorio de eventos, planificador de tareas, creador de correos electrónicos... ","De vez en cuando","A menudo","Muy a menudo","No","","Interesante","Inteligencia artificial","Se adaptaría a cada persona, no todos necesitamos lo mismo","Que realmente sea capaz de aprender ","","","Hombre","16 - 24","Graduado universitario / Técnico superior","Trabajo a tiempo parcial (8 - 30 horas a la semana)",""
"2019/04/10 5:28:39 p. m. EET","No","No sé","Me da miedo que a largo plazo pueda crear una gran dependencia social ode otro tipo hacia ese ""ser irreal"" y que esto suponga un problema a la hora de relacionarme con gente o ser independiente para hacer ciertas cosas. Además, puede ser un medio de recolección de datos personales por parte de compañías como ya lo son muchas herramientas actuales","","","","","No","","","","","","","","","","Normal","La capacidad de acceder a ciertas funciones sólo con la voz","Puede ser interesante especialmente en casos de personas minusvalidas para ser más independientes o en situaciones (como conducir) que te impiden realizar una acción (como llamar por teléfono) ","La dependencia que puede generar (y que todavía no reconoce bien la voz u órdenes que se le dan) ","Porque eso puede usarse para la recolección de datos, manipulación de masas y nos hace muy vulnerables ante amenazas virtuales (ej: hackeo) ","","Hombre","16 - 24","Graduado universitario / Técnico superior","Estudiante",""
"2019/04/10 9:23:46 p. m. EET","Sí","","","Sí","Siri ","Mal funcionamiento del reconocimiento de voz","Creo que nada","","","","","Para buscar sitios que necesite,para saber el nombre de alguna canción que esté sonando ","De vez en cuando","De vez en cuando","Casi nunca","No","","Normal","Musica","","Que entienda lo que quiero","","","Mujer","16 - 24","Graduado universitario / Técnico superior","Estudiante",""
"2019/04/10 10:36:40 p. m. EET","Sí","","","Sí","Siri","Mal funcionamiento del reconocimiento de voz","No se","","","","","Para recetas de cocina habladas","A menudo","A menudo","De vez en cuando","No","","Interesante","La voz","","Funciona mal","","","Mujer","35 - 45","Educación secundaria","Trabajo a tiempo completo (más de 30 horas a la semana)","Otra situación"
"2019/04/10 10:43:09 p. m. EET","No sé","No sé","Me da un poco de miedo ","","","","","No","","","","","","","","","","Poco","La interacion ","Te permite interactuar con él así ya no tienes que buscar relaciones de amistad","Que puede llegar a saber demasiado de ti","Porque alguien puede manipularlo para sus interéses","","Hombre","35 - 45","Educación primaria","Trabajo a tiempo completo (más de 30 horas a la semana)","Asalariado/a del sector privado"
"2019/04/11 4:02:39 p. m. EET","Sí","","","No","","","","","","","","Lo utilizaría como el móvil pero sin necesidad de tener el propio móvil, solo diciéndole las cosas y que las haga","Muy a menudo","Casi nunca","Nunca","No","","Interesante","El poder prescindir de tener que tener el móvil en la mano o de hacer diversas tareas por mi mismo","","Que el hablar en público con el asistente lo veo muy raro ","","","Hombre","16 - 24","Bachillerato / Formación Profesional (Grado Medio)","Estudiante",""
"2019/04/11 4:03:57 p. m. EET","No","No","Porque no lo veo útil para mi, aunque a lo mejor para otras personas si, como personas mayores que necesitan compañía.","","","","","Sí","Siri","Nada","Nada","","","","","","","Poco","Nada","","Que sustituya la relación con personas reales.","","","Hombre","16 - 24","Bachillerato / Formación Profesional (Grado Medio)","Estudiante",""
"2019/04/12 1:23:47 a. m. EET","No sé","Sí","","No","","","","","","","","Lo utilizaría para recabar información de cualquier tipo, como noticias, información cultural, música o utilizarlo de asistente personal,etc...","A menudo","De vez en cuando","De vez en cuando","No","","Interesante","La cantidad de información que pueda tener.","Porque tendríamos una persona virtual con conocimientos casi ilimitados.","Nos alejaría de nuestro propio yo, anulando muchos de nuestros aspectos humanos.","","","Hombre","Mayor de 55","Educación secundaria","Trabajo a tiempo completo (más de 30 horas a la semana)","Asalariado/a del sector público"
"2019/04/13 4:53:06 p. m. EET","Sí","","","No","","","","","","","","En momentos que necesite contar algo que no me sea fácil de hablar con otras personas reales o para pasar el rato simplemente","A menudo","Casi nunca","De vez en cuando","Tal vez"," ","Muy interesante","El hecho de no poder distinguir su veracidad "," Me parece peligroso pero a la vez atractivo ya que hay personas que tienen mucha soledad y hablar con una persona que le escuche y razone respuestas en base a lo que le dicen me parece muy bueno para este tipo de situaciones","Que se pierdan las relaciones interpersonales con otros seres humanos","Porque puede haber gente que se ""conforme"" y por el hecho de usar esto no rñse relacione ni haga vida social","","Hombre","16 - 24","Bachillerato / Formación Profesional (Grado Medio)","Estudiante",""
"2019/04/13 9:14:56 p. m. EET","Sí","","","No","","","","","","","","Musiquita","A menudo","Nunca","Nunca","No","","Interesante","Manos libres","","Que te encariñes","","","Hombre","16 - 24","Graduado universitario / Técnico superior","Estudiante",""