"Marca temporal","Está en la calle y ve un anuncio de un concierto que le interesa, pero no aparece más información que la fecha. ¿Le gustaría obtener toda la información al instante con solo mirarlo? (Precio, punto de venta, hora, etc)","En otra situación, se encuentra en un establecimiento de venta y ve un producto que cree que podría ser más barato en otro establecimiento distinto. ¿Le gustaría poder obtener una comparación de precios para saber dónde comprarlo?","Piense otra situación distinta.Se encuentra en la calle y ve una persona llevando una prenda de ropa o accesorio que le interesa. ¿Le gustaría saber al instante dónde comprarlo?","Muchas veces nos es difícil ver objetos que tenemos delante de nosotros. Por ejemplo las llaves de casa perdidas en su habitación, un libro concreto en una estantería de una biblioteca, un videojuego en una tienda, etc. ¿Le gustaría poder, simplemente observando y moviéndose por el entorno , poder encontrar el objeto que busca fácilmente?","¿Considera alguna situación de su día a día que no hayamos mencionado en la que , observando el entorno, pudiera realizar algo más respecto a lo anteriormente descrito? ","Todas estas ideas podrían estar resumidas en un objeto tangible, piense por ejemplo en unas gafas u otro artefacto que se conecta con su visión. ¿Lo considera de utilidad?","Una vez descrito el producto y suponiendo que no contiene ningún tipo de fallo. ¿Cuál considera que es el formato más adecuado?","Rango de edad","Género","Nivel educativo","Ocupación"
"2019/05/06 4:50:52 p. m. GMT","Ns/nc","Sí","Sí","Sí","No","Sí","Auricular para la comunicación con el asistente + Lentillas para el reconocimiento visual","35 - 45","Mujer","Bachillerato / Formación Profesional (Grado Medio)","Trabajo a tiempo completo (más de 30 horas a la semana)"
"2019/05/06 4:55:26 p. m. GMT","Sí","Sí","Ns/nc","Sí","","Sí","Auricular para la comunicación con el asistente + Gafas para el reconocimiento visual","35 - 45","Mujer","Bachillerato / Formación Profesional (Grado Medio)","Trabajo a tiempo parcial (8 - 30 horas a la semana)"
"2019/05/06 4:56:57 p. m. GMT","Sí","Sí","Sí","Sí","Asomarse a la ventana y conocer la temperatura, la humedad, el riesgo de lluvia,.. A la hora de aparcar, poder visualizar si en algún punto de la calle hay una plaza o espacio con las dimensiones del coche,...","Sí","Auricular para la comunicación con el asistente + Gafas para el reconocimiento visual","45 - 55","Mujer","Graduado universitario / Técnico superior","Trabajo a tiempo completo (más de 30 horas a la semana)"
"2019/05/06 4:59:17 p. m. GMT","Sí","Sí","No","Ns/nc","Mirar una nube y ver si trae lluvia","Sí","Auricular para ambas ,  comunicación con el asistente y conexión a la vista","45 - 55","Hombre","Educación secundaria","Desempleado"
"2019/05/06 4:59:23 p. m. GMT","Sí","Sí","Sí","Sí","No","Sí","Auricular para la comunicación con el asistente + Gafas para el reconocimiento visual","25 - 35","Hombre","Graduado universitario / Técnico superior","Trabajo a tiempo completo (más de 30 horas a la semana)"
"2019/05/06 5:00:11 p. m. GMT","Sí","Sí","Sí","Ns/nc","","Sí","Auricular para la comunicación con el asistente + Gafas para el reconocimiento visual","35 - 45","Mujer","Máster","Trabajo a tiempo completo (más de 30 horas a la semana)"
"2019/05/06 5:01:18 p. m. GMT","Sí","Sí","Sí","Sí","Encontrar la tienda más cercana para hacer una determinada tarea (comer, comprar ropa, ver una película,...)","Sí","Auricular para la comunicación con el asistente + Gafas para el reconocimiento visual","35 - 45","Mujer","Bachillerato / Formación Profesional (Grado Medio)","Desempleado"
"2019/05/06 5:01:58 p. m. GMT","Sí","Sí","Ns/nc","Sí","","Sí","Auricular para la comunicación con el asistente + Gafas para el reconocimiento visual","35 - 45","Mujer","Graduado universitario / Técnico superior","Trabajo a tiempo parcial (8 - 30 horas a la semana)"
"2019/05/06 5:02:22 p. m. GMT","Sí","Sí","Ns/nc","Sí","Podria sacar fotos de las cosas sin tener que usar el movil","Sí","Auricular para la comunicación con el asistente + Gafas para el reconocimiento visual","25 - 35","Mujer","Graduado universitario / Técnico superior","Trabajo a tiempo parcial (8 - 30 horas a la semana)"
"2019/05/06 5:03:01 p. m. GMT","Ns/nc","Sí","Sí","Sí","Pues si saber que restaurantes pueden ser mejores en relación calidad precio","Sí","Auricular para la comunicación con el asistente + Gafas para el reconocimiento visual","45 - 55","Mujer","Máster","Trabajo a tiempo completo (más de 30 horas a la semana)"
"2019/05/06 5:03:50 p. m. GMT","Ns/nc","Sí","Sí","Sí","Me podria ayudar en la cocina","Sí","Auricular para la comunicación con el asistente + Gafas para el reconocimiento visual","45 - 55","Mujer","Educación secundaria","Desempleado"
"2019/05/06 5:04:09 p. m. GMT","Sí","Sí","Ns/nc","Ns/nc","","Sí","Auricular para la comunicación con el asistente + Gafas para el reconocimiento visual","16 - 24","Hombre","Graduado universitario / Técnico superior","Trabajo a tiempo parcial (8 - 30 horas a la semana)"
"2019/05/06 5:05:08 p. m. GMT","Ns/nc","Sí","No","Ns/nc","ninguna","Sí","Auricular para la comunicación con el asistente + Gafas para el reconocimiento visual","35 - 45","Hombre","Graduado universitario / Técnico superior","Trabajo a tiempo parcial (8 - 30 horas a la semana)"
"2019/05/06 5:05:09 p. m. GMT","Sí","Sí","Ns/nc","Sí","","Sí","Auricular para ambas ,  comunicación con el asistente y conexión a la vista","16 - 24","Mujer","Bachillerato / Formación Profesional (Grado Medio)","Estudiante"
"2019/05/06 5:05:36 p. m. GMT","Sí","Sí","Sí","Sí","","Sí","Auricular para la comunicación con el asistente + Gafas para el reconocimiento visual","16 - 24","Mujer","Bachillerato / Formación Profesional (Grado Medio)","Estudiante"
"2019/05/06 5:06:20 p. m. GMT","Sí","Sí","Ns/nc","Sí","Conocer la disponibilidad de apuntes de acceso gratuito sobre los estudios que estoy cursando o voy a cursar.","Sí","Auricular para la comunicación con el asistente + Gafas para el reconocimiento visual","16 - 24","Mujer","Bachillerato / Formación Profesional (Grado Medio)","Estudiante"
"2019/05/06 5:06:33 p. m. GMT","Sí","Sí","Sí","Sí","No, ninguna","Sí","Auricular para la comunicación con el asistente + Gafas para el reconocimiento visual","45 - 55","Mujer","Graduado universitario / Técnico superior","Trabajo a tiempo completo (más de 30 horas a la semana)"
"2019/05/06 5:07:03 p. m. GMT","Sí","Sí","Sí","Ns/nc","","Sí","Auricular para la comunicación con el asistente + Gafas para el reconocimiento visual","16 - 24","Hombre","Bachillerato / Formación Profesional (Grado Medio)","Estudiante"
"2019/05/06 5:07:25 p. m. GMT","Sí","Sí","Sí","Sí","No","Sí","Auricular para la comunicación con el asistente + Lentillas para el reconocimiento visual","16 - 24","Mujer","Graduado universitario / Técnico superior","Estudiante"
"2019/05/06 5:07:42 p. m. GMT","Sí","Sí","No","Ns/nc","","Sí","Auricular para la comunicación con el asistente + Gafas para el reconocimiento visual","16 - 24","Hombre","Graduado universitario / Técnico superior","Desempleado"
"2019/05/06 5:08:08 p. m. GMT","Sí","Sí","Sí","Sí","Ver peliculas en el tren o el autobus?","Sí","Auricular para la comunicación con el asistente + Lentillas para el reconocimiento visual","16 - 24","Mujer","Graduado universitario / Técnico superior","Estudiante"
"2019/05/06 5:08:32 p. m. GMT","No","Sí","Ns/nc","Sí","Contar objetos","Sí","Auricular para la comunicación con el asistente + Gafas para el reconocimiento visual","16 - 24","Mujer","Bachillerato / Formación Profesional (Grado Medio)","Estudiante"
"2019/05/06 5:09:02 p. m. GMT","Sí","Sí","Sí","Sí","","Sí","Auricular para la comunicación con el asistente + Gafas para el reconocimiento visual","16 - 24","Mujer","Graduado universitario / Técnico superior","Estudiante"
"2019/05/06 5:10:32 p. m. GMT","No","Ns/nc","No","Sí","","No","No lo tendría","Mayor de 55","Mujer","Educación primaria","Jubilado"
"2019/05/06 5:10:57 p. m. GMT","Sí","Sí","Sí","Sí","No","Sí","Auricular para la comunicación con el asistente + Gafas para el reconocimiento visual","16 - 24","Hombre","Graduado universitario / Técnico superior","Estudiante"
"2019/05/06 5:11:33 p. m. GMT","Sí","Ns/nc","Sí","Sí","cuando vas a clase que te exponga datos extra sobre lo que se esta hablando, o que te marque lo más importante de un texto. También si te traduce todos los textos a tu idioma al igual que google traductor, estaría muy bien.","Sí","Auricular para ambas ,  comunicación con el asistente y conexión a la vista","Menor de 16","Mujer","Educación secundaria","Estudiante"
"2019/05/06 5:11:39 p. m. GMT","Sí","Sí","Sí","Sí","Ninguna, la verdad","Sí","Auricular para la comunicación con el asistente + Gafas para el reconocimiento visual","16 - 24","Hombre","Bachillerato / Formación Profesional (Grado Medio)","Estudiante"
"2019/05/06 5:12:17 p. m. GMT","Sí","Sí","Ns/nc","Ns/nc","","Sí","Auricular para la comunicación con el asistente + Gafas para el reconocimiento visual","Menor de 16","Hombre","Educación secundaria","Estudiante"
"2019/05/06 5:13:18 p. m. GMT","Sí","No","Ns/nc","Sí","A lo mejor ayudar a medir la comida para cocinar","Sí","Auricular para la comunicación con el asistente + Gafas para el reconocimiento visual","16 - 24","Mujer","Graduado universitario / Técnico superior","Estudiante"
"2019/05/06 5:13:37 p. m. GMT","Sí","Ns/nc","No","No","","Sí","Auricular para la comunicación con el asistente + Lentillas para el reconocimiento visual","Prefiero no decirlo","Prefiero no decirlo","Prefiero no decirlo","Prefiero no decirlo"
"2019/05/06 5:14:03 p. m. GMT","Sí","Sí","Sí","Sí","No","Sí","Auricular para la comunicación con el asistente + Gafas para el reconocimiento visual","16 - 24","Mujer","Bachillerato / Formación Profesional (Grado Medio)","Trabajo a tiempo parcial (8 - 30 horas a la semana)"
"2019/05/06 5:14:42 p. m. GMT","Sí","Sí","Sí","Sí","no","Sí","Auricular para la comunicación con el asistente + Lentillas para el reconocimiento visual","16 - 24","Hombre","Bachillerato / Formación Profesional (Grado Medio)","Trabajo a tiempo parcial (8 - 30 horas a la semana)"
"2019/05/06 5:15:14 p. m. GMT","Sí","No","No","Sí","No sé","Sí","Auricular para la comunicación con el asistente + Lentillas para el reconocimiento visual","16 - 24","Mujer","Máster","Estudiante"
"2019/05/06 5:15:54 p. m. GMT","No","No","No","Sí","","Sí","Auricular para la comunicación con el asistente + Gafas para el reconocimiento visual","Mayor de 55","Mujer","Prefiero no decirlo","Jubilado"
"2019/05/06 5:16:57 p. m. GMT","No","No","No","Sí","","Sí","Auricular para la comunicación con el asistente + Gafas para el reconocimiento visual","Mayor de 55","Hombre","Educación primaria","Trabajo a tiempo completo (más de 30 horas a la semana)"